exp_name,work_dir,dataset_name,model_name,bleu,chrF2,num_steps,src,tgt,corp_lens,model_arch,num_epochs,patience,s_acc,v_acc,o_acc,sv_acc,so_acc,vo_acc,svo_acc
svo_perm,XS_OSV_OVS_1.0k,OSV_OVS_1.0k,XS,9.2,44.7,2460.0,['OSV.svo_perm'],['OVS.svo_perm'],[1000],XS,1000,75,0.65,0.51,0.35,0.38,0.23,0.19,0.13
svo_perm,XS_OSV_SOV_1.0k,OSV_SOV_1.0k,XS,7.4,44.3,1797.0,['OSV.svo_perm'],['SOV.svo_perm'],[1000],XS,1000,75,0.64,0.55,0.31,0.37,0.21,0.18,0.12
svo_perm,XS_OSV_SVO_1.0k,OSV_SVO_1.0k,XS,9.0,48.5,2487.0,['OSV.svo_perm'],['SVO.svo_perm'],[1000],XS,1000,75,0.67,0.59,0.33,0.41,0.22,0.21,0.14
svo_perm,XS_OSV_VOS_1.0k,OSV_VOS_1.0k,XS,11.5,48.1,2079.0,['OSV.svo_perm'],['VOS.svo_perm'],[1000],XS,1000,75,0.66,0.62,0.34,0.41,0.23,0.22,0.14
svo_perm,XS_OSV_VSO_1.0k,OSV_VSO_1.0k,XS,12.7,48.4,1755.0,['OSV.svo_perm'],['VSO.svo_perm'],[1000],XS,1000,75,0.62,0.5,0.27,0.4,0.2,0.18,0.14
svo_perm,XS_OVS_OSV_1.0k,OVS_OSV_1.0k,XS,6.4,44.1,1677.0,['OVS.svo_perm'],['OSV.svo_perm'],[1000],XS,1000,75,0.63,0.55,0.31,0.35,0.21,0.19,0.12
svo_perm,XS_OVS_SOV_1.0k,OVS_SOV_1.0k,XS,4.1,6.9,399.0,['OVS.svo_perm'],['SOV.svo_perm'],[1000],XS,1000,75,0.01,0.0,0.01,0.0,0.01,0.0,0.0
svo_perm,XS_OVS_SVO_1.0k,OVS_SVO_1.0k,XS,10.9,47.0,2700.0,['OVS.svo_perm'],['SVO.svo_perm'],[1000],XS,1000,75,0.65,0.55,0.31,0.4,0.22,0.19,0.14
svo_perm,XS_OVS_VOS_1.0k,OVS_VOS_1.0k,XS,13.1,49.8,2991.0,['OVS.svo_perm'],['VOS.svo_perm'],[1000],XS,1000,75,0.66,0.64,0.36,0.41,0.23,0.25,0.16
svo_perm,XS_OVS_VSO_1.0k,OVS_VSO_1.0k,XS,12.1,50.6,2640.0,['OVS.svo_perm'],['VSO.svo_perm'],[1000],XS,1000,75,0.65,0.64,0.33,0.43,0.22,0.22,0.15
svo_perm,XS_SOV_OSV_1.0k,SOV_OSV_1.0k,XS,8.1,42.4,2232.0,['SOV.svo_perm'],['OSV.svo_perm'],[1000],XS,1000,75,0.64,0.51,0.29,0.38,0.22,0.18,0.14
svo_perm,XS_SOV_OVS_1.0k,SOV_OVS_1.0k,XS,11.5,45.8,2172.0,['SOV.svo_perm'],['OVS.svo_perm'],[1000],XS,1000,75,0.62,0.5,0.32,0.37,0.21,0.18,0.13
svo_perm,XS_SOV_SVO_1.0k,SOV_SVO_1.0k,XS,9.4,46.7,2133.0,['SOV.svo_perm'],['SVO.svo_perm'],[1000],XS,1000,75,0.67,0.58,0.32,0.43,0.22,0.2,0.15
svo_perm,XS_SOV_VOS_1.0k,SOV_VOS_1.0k,XS,11.3,50.2,2511.0,['SOV.svo_perm'],['VOS.svo_perm'],[1000],XS,1000,75,0.62,0.67,0.31,0.42,0.21,0.23,0.15
svo_perm,XS_SOV_VSO_1.0k,SOV_VSO_1.0k,XS,10.4,49.6,2144.0,['SOV.svo_perm'],['VSO.svo_perm'],[1000],XS,1000,75,0.64,0.57,0.26,0.42,0.2,0.2,0.14
svo_perm,XS_SVO_OSV_1.0k,SVO_OSV_1.0k,XS,7.9,42.6,2696.0,['SVO.svo_perm'],['OSV.svo_perm'],[1000],XS,1000,75,0.66,0.54,0.35,0.4,0.23,0.19,0.14
svo_perm,XS_SVO_OVS_1.0k,SVO_OVS_1.0k,XS,12.5,45.4,2016.0,['SVO.svo_perm'],['OVS.svo_perm'],[1000],XS,1000,75,0.62,0.52,0.31,0.38,0.2,0.2,0.13
svo_perm,XS_SVO_SOV_1.0k,SVO_SOV_1.0k,XS,2.5,7.3,411.0,['SVO.svo_perm'],['SOV.svo_perm'],[1000],XS,1000,75,0.05,0.0,0.02,0.0,0.02,0.0,0.0
svo_perm,XS_SVO_VOS_1.0k,SVO_VOS_1.0k,XS,11.9,47.9,2079.0,['SVO.svo_perm'],['VOS.svo_perm'],[1000],XS,1000,75,0.66,0.6,0.33,0.41,0.23,0.2,0.15
svo_perm,XS_SVO_VSO_1.0k,SVO_VSO_1.0k,XS,14.2,49.2,2088.0,['SVO.svo_perm'],['VSO.svo_perm'],[1000],XS,1000,75,0.65,0.58,0.34,0.43,0.23,0.22,0.16
svo_perm,XS_VOS_OSV_1.0k,VOS_OSV_1.0k,XS,9.5,46.7,2272.0,['VOS.svo_perm'],['OSV.svo_perm'],[1000],XS,1000,75,0.65,0.61,0.33,0.39,0.23,0.22,0.14
svo_perm,XS_VOS_OVS_1.0k,VOS_OVS_1.0k,XS,11.6,48.3,1953.0,['VOS.svo_perm'],['OVS.svo_perm'],[1000],XS,1000,75,0.62,0.56,0.33,0.37,0.22,0.23,0.15
svo_perm,XS_VOS_SOV_1.0k,VOS_SOV_1.0k,XS,5.1,25.3,828.0,['VOS.svo_perm'],['SOV.svo_perm'],[1000],XS,1000,75,0.34,0.24,0.24,0.16,0.19,0.11,0.08
svo_perm,XS_VOS_SVO_1.0k,VOS_SVO_1.0k,XS,10.4,48.8,2244.0,['VOS.svo_perm'],['SVO.svo_perm'],[1000],XS,1000,75,0.67,0.62,0.31,0.41,0.23,0.19,0.14
svo_perm,XS_VOS_VSO_1.0k,VOS_VSO_1.0k,XS,10.5,51.1,2154.0,['VOS.svo_perm'],['VSO.svo_perm'],[1000],XS,1000,75,0.64,0.63,0.32,0.39,0.22,0.21,0.13
svo_perm,XS_VSO_OSV_1.0k,VSO_OSV_1.0k,XS,8.2,44.9,2200.0,['VSO.svo_perm'],['OSV.svo_perm'],[1000],XS,1000,75,0.65,0.56,0.3,0.38,0.22,0.17,0.12
svo_perm,XS_VSO_OVS_1.0k,VSO_OVS_1.0k,XS,10.2,45.9,2092.0,['VSO.svo_perm'],['OVS.svo_perm'],[1000],XS,1000,75,0.65,0.55,0.33,0.37,0.23,0.18,0.13
svo_perm,XS_VSO_SOV_1.0k,VSO_SOV_1.0k,XS,9.1,46.6,2400.0,['VSO.svo_perm'],['SOV.svo_perm'],[1000],XS,1000,75,0.64,0.62,0.34,0.4,0.22,0.22,0.14
svo_perm,XS_VSO_SVO_1.0k,VSO_SVO_1.0k,XS,10.4,48.5,2118.0,['VSO.svo_perm'],['SVO.svo_perm'],[1000],XS,1000,75,0.67,0.62,0.33,0.4,0.23,0.21,0.14
svo_perm,XS_VSO_VOS_1.0k,VSO_VOS_1.0k,XS,12.0,51.8,2211.0,['VSO.svo_perm'],['VOS.svo_perm'],[1000],XS,1000,75,0.63,0.65,0.31,0.41,0.22,0.22,0.14
svo_perm,XS_OSV_OVS_2.0k,OSV_OVS_2.0k,XS,28.9,59.9,3990.0,['OSV.svo_perm'],['OVS.svo_perm'],[2000],XS,1000,75,0.675,0.87,0.375,0.61,0.245,0.325,0.22
svo_perm,XS_OSV_SOV_2.0k,OSV_SOV_2.0k,XS,20.3,56.1,2802.0,['OSV.svo_perm'],['SOV.svo_perm'],[2000],XS,1000,75,0.615,0.74,0.365,0.51,0.23,0.275,0.19
svo_perm,XS_OSV_SVO_2.0k,OSV_SVO_2.0k,XS,30.2,61.4,4254.0,['OSV.svo_perm'],['SVO.svo_perm'],[2000],XS,1000,75,0.675,0.865,0.38,0.595,0.245,0.33,0.21
svo_perm,XS_OSV_VOS_2.0k,OSV_VOS_2.0k,XS,28.7,61.5,3192.0,['OSV.svo_perm'],['VOS.svo_perm'],[2000],XS,1000,75,0.675,0.87,0.39,0.605,0.25,0.335,0.22
svo_perm,XS_OSV_VSO_2.0k,OSV_VSO_2.0k,XS,28.8,61.5,3852.0,['OSV.svo_perm'],['VSO.svo_perm'],[2000],XS,1000,75,0.675,0.845,0.37,0.59,0.245,0.32,0.21
svo_perm,XS_OVS_OSV_2.0k,OVS_OSV_2.0k,XS,21.2,57.1,3462.0,['OVS.svo_perm'],['OSV.svo_perm'],[2000],XS,1000,75,0.675,0.84,0.39,0.58,0.25,0.325,0.21
svo_perm,XS_OVS_SOV_2.0k,OVS_SOV_2.0k,XS,19.8,54.9,2694.0,['OVS.svo_perm'],['SOV.svo_perm'],[2000],XS,1000,75,0.655,0.81,0.35,0.565,0.22,0.295,0.19
svo_perm,XS_OVS_SVO_2.0k,OVS_SVO_2.0k,XS,29.8,60.7,4182.0,['OVS.svo_perm'],['SVO.svo_perm'],[2000],XS,1000,75,0.675,0.875,0.37,0.605,0.24,0.315,0.21
svo_perm,XS_OVS_VOS_2.0k,OVS_VOS_2.0k,XS,29.1,61.4,4026.0,['OVS.svo_perm'],['VOS.svo_perm'],[2000],XS,1000,75,0.665,0.865,0.37,0.595,0.235,0.32,0.205
svo_perm,XS_OVS_VSO_2.0k,OVS_VSO_2.0k,XS,27.2,56.9,2496.0,['OVS.svo_perm'],['VSO.svo_perm'],[2000],XS,1000,75,0.625,0.555,0.245,0.515,0.19,0.185,0.15
svo_perm,XS_SOV_OSV_2.0k,SOV_OSV_2.0k,XS,21.3,57.4,3012.0,['SOV.svo_perm'],['OSV.svo_perm'],[2000],XS,1000,75,0.675,0.85,0.39,0.585,0.245,0.33,0.21
svo_perm,XS_SOV_OVS_2.0k,SOV_OVS_2.0k,XS,26.5,59.0,3360.0,['SOV.svo_perm'],['OVS.svo_perm'],[2000],XS,1000,75,0.66,0.845,0.385,0.585,0.25,0.345,0.23
svo_perm,XS_SOV_SVO_2.0k,SOV_SVO_2.0k,XS,27.8,59.5,2916.0,['SOV.svo_perm'],['SVO.svo_perm'],[2000],XS,1000,75,0.675,0.855,0.36,0.6,0.235,0.3,0.2
svo_perm,XS_SOV_VOS_2.0k,SOV_VOS_2.0k,XS,27.5,60.8,3978.0,['SOV.svo_perm'],['VOS.svo_perm'],[2000],XS,1000,75,0.665,0.875,0.385,0.59,0.24,0.335,0.21
svo_perm,XS_SOV_VSO_2.0k,SOV_VSO_2.0k,XS,26.8,61.1,2928.0,['SOV.svo_perm'],['VSO.svo_perm'],[2000],XS,1000,75,0.675,0.865,0.355,0.595,0.225,0.3,0.195
svo_perm,XS_SVO_OSV_2.0k,SVO_OSV_2.0k,XS,22.7,57.6,3948.0,['SVO.svo_perm'],['OSV.svo_perm'],[2000],XS,1000,75,0.67,0.835,0.39,0.58,0.25,0.325,0.21
svo_perm,XS_SVO_OVS_2.0k,SVO_OVS_2.0k,XS,29.4,59.9,4428.0,['SVO.svo_perm'],['OVS.svo_perm'],[2000],XS,1000,75,0.665,0.85,0.395,0.59,0.255,0.35,0.23
svo_perm,XS_SVO_SOV_2.0k,SVO_SOV_2.0k,XS,20.2,54.4,2514.0,['SVO.svo_perm'],['SOV.svo_perm'],[2000],XS,1000,75,0.655,0.825,0.36,0.57,0.23,0.3,0.195
svo_perm,XS_SVO_VOS_2.0k,SVO_VOS_2.0k,XS,28.3,60.7,4212.0,['SVO.svo_perm'],['VOS.svo_perm'],[2000],XS,1000,75,0.665,0.83,0.37,0.58,0.23,0.305,0.2
svo_perm,XS_SVO_VSO_2.0k,SVO_VSO_2.0k,XS,30.1,61.6,3786.0,['SVO.svo_perm'],['VSO.svo_perm'],[2000],XS,1000,75,0.67,0.715,0.305,0.6,0.235,0.26,0.21
svo_perm,XS_VOS_OSV_2.0k,VOS_OSV_2.0k,XS,21.5,58.5,3582.0,['VOS.svo_perm'],['OSV.svo_perm'],[2000],XS,1000,75,0.665,0.84,0.375,0.575,0.25,0.325,0.215
svo_perm,XS_VOS_OVS_2.0k,VOS_OVS_2.0k,XS,27.9,60.6,3960.0,['VOS.svo_perm'],['OVS.svo_perm'],[2000],XS,1000,75,0.66,0.85,0.375,0.585,0.25,0.34,0.225
svo_perm,XS_VOS_SOV_2.0k,VOS_SOV_2.0k,XS,21.2,56.1,3012.0,['VOS.svo_perm'],['SOV.svo_perm'],[2000],XS,1000,75,0.675,0.835,0.33,0.58,0.225,0.285,0.19
svo_perm,XS_VOS_SVO_2.0k,VOS_SVO_2.0k,XS,31.8,58.5,3810.0,['VOS.svo_perm'],['SVO.svo_perm'],[2000],XS,1000,75,0.675,0.865,0.36,0.61,0.24,0.31,0.205
svo_perm,XS_VOS_VSO_2.0k,VOS_VSO_2.0k,XS,28.4,61.2,3912.0,['VOS.svo_perm'],['VSO.svo_perm'],[2000],XS,1000,75,0.665,0.885,0.35,0.605,0.23,0.315,0.21
svo_perm,XS_VSO_OSV_2.0k,VSO_OSV_2.0k,XS,25.1,59.3,4266.0,['VSO.svo_perm'],['OSV.svo_perm'],[2000],XS,1000,75,0.675,0.86,0.385,0.595,0.25,0.325,0.215
svo_perm,XS_VSO_OVS_2.0k,VSO_OVS_2.0k,XS,26.6,59.9,3180.0,['VSO.svo_perm'],['OVS.svo_perm'],[2000],XS,1000,75,0.675,0.85,0.375,0.585,0.25,0.315,0.21
svo_perm,XS_VSO_SOV_2.0k,VSO_SOV_2.0k,XS,19.7,56.3,2682.0,['VSO.svo_perm'],['SOV.svo_perm'],[2000],XS,1000,75,0.66,0.835,0.355,0.575,0.235,0.29,0.195
svo_perm,XS_VSO_SVO_2.0k,VSO_SVO_2.0k,XS,30.1,61.5,5526.0,['VSO.svo_perm'],['SVO.svo_perm'],[2000],XS,1000,75,0.675,0.87,0.365,0.595,0.235,0.315,0.205
svo_perm,XS_VSO_VOS_2.0k,VSO_VOS_2.0k,XS,27.6,61.7,4110.0,['VSO.svo_perm'],['VOS.svo_perm'],[2000],XS,1000,75,0.66,0.86,0.385,0.59,0.245,0.34,0.22
svo_perm,XS_OSV_OVS_4.0k,OSV_OVS_4.0k,XS,36.3,63.3,5720.0,['OSV.svo_perm'],['OVS.svo_perm'],[4000],XS,1000,75,0.705,0.9075,0.41,0.6325,0.2675,0.3875,0.2475
svo_perm,XS_OSV_SOV_4.0k,OSV_SOV_4.0k,XS,27.8,60.4,6516.0,['OSV.svo_perm'],['SOV.svo_perm'],[4000],XS,1000,75,0.6975,0.905,0.3875,0.6275,0.265,0.365,0.245
svo_perm,XS_OSV_SVO_4.0k,OSV_SVO_4.0k,XS,37.3,64.3,6006.0,['OSV.svo_perm'],['SVO.svo_perm'],[4000],XS,1000,75,0.7025,0.9125,0.405,0.64,0.27,0.385,0.2525
svo_perm,XS_OSV_VOS_4.0k,OSV_VOS_4.0k,XS,35.7,64.4,5643.0,['OSV.svo_perm'],['VOS.svo_perm'],[4000],XS,1000,75,0.7025,0.9175,0.4125,0.6375,0.2675,0.39,0.2475
svo_perm,XS_OSV_VSO_4.0k,OSV_VSO_4.0k,XS,36.3,64.3,5196.0,['OSV.svo_perm'],['VSO.svo_perm'],[4000],XS,1000,75,0.705,0.9,0.41,0.6225,0.265,0.3875,0.245
svo_perm,XS_OVS_OSV_4.0k,OVS_OSV_4.0k,XS,29.0,61.2,4444.0,['OVS.svo_perm'],['OSV.svo_perm'],[4000],XS,1000,75,0.705,0.9075,0.405,0.635,0.27,0.3825,0.2525
svo_perm,XS_OVS_SOV_4.0k,OVS_SOV_4.0k,XS,28.7,60.7,5027.0,['OVS.svo_perm'],['SOV.svo_perm'],[4000],XS,1000,75,0.7,0.91,0.4125,0.64,0.27,0.3925,0.255
svo_perm,XS_OVS_SVO_4.0k,OVS_SVO_4.0k,XS,37.0,64.0,6193.0,['OVS.svo_perm'],['SVO.svo_perm'],[4000],XS,1000,75,0.705,0.9025,0.4075,0.635,0.2675,0.385,0.25
svo_perm,XS_OVS_VOS_4.0k,OVS_VOS_4.0k,XS,35.8,63.6,6457.0,['OVS.svo_perm'],['VOS.svo_perm'],[4000],XS,1000,75,0.7,0.9025,0.415,0.6275,0.2725,0.3875,0.25
svo_perm,XS_OVS_VSO_4.0k,OVS_VSO_4.0k,XS,36.9,65.1,7752.0,['OVS.svo_perm'],['VSO.svo_perm'],[4000],XS,1000,75,0.705,0.9225,0.4125,0.645,0.2725,0.3925,0.2575
svo_perm,XS_SOV_OSV_4.0k,SOV_OSV_4.0k,XS,28.1,60.5,4532.0,['SOV.svo_perm'],['OSV.svo_perm'],[4000],XS,1000,75,0.7025,0.915,0.405,0.635,0.27,0.385,0.2525
svo_perm,XS_SOV_OVS_4.0k,SOV_OVS_4.0k,XS,35.5,63.4,5522.0,['SOV.svo_perm'],['OVS.svo_perm'],[4000],XS,1000,75,0.69,0.895,0.41,0.6175,0.2725,0.3875,0.2525
svo_perm,XS_SOV_SVO_4.0k,SOV_SVO_4.0k,XS,36.6,63.9,6348.0,['SOV.svo_perm'],['SVO.svo_perm'],[4000],XS,1000,75,0.705,0.91,0.3925,0.635,0.265,0.3725,0.2475
svo_perm,XS_SOV_VOS_4.0k,SOV_VOS_4.0k,XS,36.8,64.1,5643.0,['SOV.svo_perm'],['VOS.svo_perm'],[4000],XS,1000,75,0.7025,0.915,0.4175,0.6375,0.2725,0.395,0.2525
svo_perm,XS_SOV_VSO_4.0k,SOV_VSO_4.0k,XS,36.0,64.7,6996.0,['SOV.svo_perm'],['VSO.svo_perm'],[4000],XS,1000,75,0.7025,0.9225,0.395,0.6425,0.26,0.375,0.2425
svo_perm,XS_SVO_OSV_4.0k,SVO_OSV_4.0k,XS,28.6,60.8,6336.0,['SVO.svo_perm'],['OSV.svo_perm'],[4000],XS,1000,75,0.7025,0.9075,0.4025,0.635,0.2675,0.38,0.25
svo_perm,XS_SVO_OVS_4.0k,SVO_OVS_4.0k,XS,36.7,63.2,5962.0,['SVO.svo_perm'],['OVS.svo_perm'],[4000],XS,1000,75,0.6975,0.9,0.4125,0.63,0.2725,0.39,0.255
svo_perm,XS_SVO_SOV_4.0k,SVO_SOV_4.0k,XS,28.1,59.5,7032.0,['SVO.svo_perm'],['SOV.svo_perm'],[4000],XS,1000,75,0.7025,0.895,0.3925,0.6225,0.265,0.3725,0.2475
svo_perm,XS_SVO_VOS_4.0k,SVO_VOS_4.0k,XS,35.1,63.4,6644.0,['SVO.svo_perm'],['VOS.svo_perm'],[4000],XS,1000,75,0.7025,0.8925,0.405,0.6225,0.27,0.38,0.25
svo_perm,XS_SVO_VSO_4.0k,SVO_VSO_4.0k,XS,36.2,64.0,4510.0,['SVO.svo_perm'],['VSO.svo_perm'],[4000],XS,1000,75,0.705,0.9125,0.39,0.64,0.265,0.37,0.25
svo_perm,XS_VOS_OSV_4.0k,VOS_OSV_4.0k,XS,29.4,61.6,5621.0,['VOS.svo_perm'],['OSV.svo_perm'],[4000],XS,1000,75,0.7,0.9075,0.41,0.63,0.2725,0.3875,0.2525
svo_perm,XS_VOS_OVS_4.0k,VOS_OVS_4.0k,XS,36.4,63.8,5962.0,['VOS.svo_perm'],['OVS.svo_perm'],[4000],XS,1000,75,0.7,0.92,0.415,0.6425,0.2725,0.3975,0.26
svo_perm,XS_VOS_SOV_4.0k,VOS_SOV_4.0k,XS,28.9,60.7,5368.0,['VOS.svo_perm'],['SOV.svo_perm'],[4000],XS,1000,75,0.705,0.92,0.3975,0.645,0.2625,0.385,0.25
svo_perm,XS_VOS_SVO_4.0k,VOS_SVO_4.0k,XS,37.9,64.8,6072.0,['VOS.svo_perm'],['SVO.svo_perm'],[4000],XS,1000,75,0.705,0.92,0.4025,0.645,0.2675,0.385,0.255
svo_perm,XS_VOS_VSO_4.0k,VOS_VSO_4.0k,XS,36.8,64.7,6149.0,['VOS.svo_perm'],['VSO.svo_perm'],[4000],XS,1000,75,0.7025,0.9275,0.4,0.6475,0.265,0.3825,0.25
svo_perm,XS_VSO_OSV_4.0k,VSO_OSV_4.0k,XS,28.9,61.5,6633.0,['VSO.svo_perm'],['OSV.svo_perm'],[4000],XS,1000,75,0.705,0.9125,0.405,0.64,0.2675,0.3875,0.2525
svo_perm,XS_VSO_OVS_4.0k,VSO_OVS_4.0k,XS,35.9,63.4,5610.0,['VSO.svo_perm'],['OVS.svo_perm'],[4000],XS,1000,75,0.7025,0.915,0.41,0.6375,0.2725,0.3875,0.255
svo_perm,XS_VSO_SOV_4.0k,VSO_SOV_4.0k,XS,28.8,60.7,5423.0,['VSO.svo_perm'],['SOV.svo_perm'],[4000],XS,1000,75,0.7025,0.93,0.4,0.6475,0.265,0.3825,0.25
svo_perm,XS_VSO_SVO_4.0k,VSO_SVO_4.0k,XS,36.2,64.2,6325.0,['VSO.svo_perm'],['SVO.svo_perm'],[4000],XS,1000,75,0.705,0.915,0.4025,0.6425,0.265,0.385,0.25
svo_perm,XS_VSO_VOS_4.0k,VSO_VOS_4.0k,XS,35.1,64.0,7425.0,['VSO.svo_perm'],['VOS.svo_perm'],[4000],XS,1000,75,0.7,0.915,0.4025,0.635,0.2675,0.38,0.2475
svo_perm,XS_OSV_OVS_8.0k,OSV_OVS_8.0k,XS,45.8,68.8,9840.0,['OSV.svo_perm'],['OVS.svo_perm'],[8000],XS,1000,75,0.71125,0.96125,0.515,0.6875,0.36,0.505,0.35125
svo_perm,XS_OSV_SOV_8.0k,OSV_SOV_8.0k,XS,37.3,66.5,10480.0,['OSV.svo_perm'],['SOV.svo_perm'],[8000],XS,1000,75,0.7125,0.955,0.4975,0.68625,0.355,0.48625,0.345
svo_perm,XS_OSV_SVO_8.0k,OSV_SVO_8.0k,XS,44.6,69.6,10020.0,['OSV.svo_perm'],['SVO.svo_perm'],[8000],XS,1000,75,0.71125,0.96125,0.5075,0.68875,0.355,0.4975,0.3475
svo_perm,XS_OSV_VOS_8.0k,OSV_VOS_8.0k,XS,46.2,69.8,10040.0,['OSV.svo_perm'],['VOS.svo_perm'],[8000],XS,1000,75,0.71125,0.96125,0.515,0.69,0.3625,0.50875,0.3575
svo_perm,XS_OSV_VSO_8.0k,OSV_VSO_8.0k,XS,44.5,69.8,10700.0,['OSV.svo_perm'],['VSO.svo_perm'],[8000],XS,1000,75,0.7175,0.9675,0.5,0.69875,0.35375,0.4925,0.3475
svo_perm,XS_OVS_OSV_8.0k,OVS_OSV_8.0k,XS,37.9,67.0,10680.0,['OVS.svo_perm'],['OSV.svo_perm'],[8000],XS,1000,75,0.7125,0.955,0.5075,0.68625,0.36,0.49625,0.35125
svo_perm,XS_OVS_SOV_8.0k,OVS_SOV_8.0k,XS,36.6,66.2,13460.0,['OVS.svo_perm'],['SOV.svo_perm'],[8000],XS,1000,75,0.71,0.9525,0.4975,0.67875,0.34875,0.4825,0.3375
svo_perm,XS_OVS_SVO_8.0k,OVS_SVO_8.0k,XS,45.9,69.6,10140.0,['OVS.svo_perm'],['SVO.svo_perm'],[8000],XS,1000,75,0.715,0.9525,0.515,0.68375,0.3675,0.50375,0.35875
svo_perm,XS_OVS_VOS_8.0k,OVS_VOS_8.0k,XS,46.0,69.6,8500.0,['OVS.svo_perm'],['VOS.svo_perm'],[8000],XS,1000,75,0.70875,0.9625,0.51625,0.685,0.36125,0.5075,0.35375
svo_perm,XS_OVS_VSO_8.0k,OVS_VSO_8.0k,XS,43.1,69.7,8120.0,['OVS.svo_perm'],['VSO.svo_perm'],[8000],XS,1000,75,0.71125,0.9575,0.5025,0.6825,0.35,0.49,0.34
svo_perm,XS_SOV_OSV_8.0k,SOV_OSV_8.0k,XS,37.0,66.5,11120.0,['SOV.svo_perm'],['OSV.svo_perm'],[8000],XS,1000,75,0.7075,0.95375,0.50375,0.68,0.355,0.48875,0.34125
svo_perm,XS_SOV_OVS_8.0k,SOV_OVS_8.0k,XS,44.9,68.5,9560.0,['SOV.svo_perm'],['OVS.svo_perm'],[8000],XS,1000,75,0.70875,0.955,0.50875,0.6825,0.36,0.495,0.34875
svo_perm,XS_SOV_SVO_8.0k,SOV_SVO_8.0k,XS,44.5,69.4,10340.0,['SOV.svo_perm'],['SVO.svo_perm'],[8000],XS,1000,75,0.71375,0.95875,0.49875,0.69,0.3525,0.49,0.345
svo_perm,XS_SOV_VOS_8.0k,SOV_VOS_8.0k,XS,45.4,69.3,7480.0,['SOV.svo_perm'],['VOS.svo_perm'],[8000],XS,1000,75,0.71125,0.9625,0.51,0.69,0.35875,0.5,0.35
svo_perm,XS_SOV_VSO_8.0k,SOV_VSO_8.0k,XS,43.8,69.2,14760.0,['SOV.svo_perm'],['VSO.svo_perm'],[8000],XS,1000,75,0.71375,0.955,0.48875,0.68875,0.3525,0.47875,0.34375
svo_perm,XS_SVO_OSV_8.0k,SVO_OSV_8.0k,XS,36.3,65.9,8640.0,['SVO.svo_perm'],['OSV.svo_perm'],[8000],XS,1000,75,0.71125,0.94875,0.4925,0.68125,0.3475,0.47875,0.3375
svo_perm,XS_SVO_OVS_8.0k,SVO_OVS_8.0k,XS,45.2,68.4,8980.0,['SVO.svo_perm'],['OVS.svo_perm'],[8000],XS,1000,75,0.71,0.955,0.51,0.6825,0.36125,0.5,0.35375
svo_perm,XS_SVO_SOV_8.0k,SVO_SOV_8.0k,XS,36.6,65.8,10731.0,['SVO.svo_perm'],['SOV.svo_perm'],[8000],XS,1000,75,0.71125,0.94875,0.495,0.68125,0.35,0.48125,0.34
svo_perm,XS_SVO_VOS_8.0k,SVO_VOS_8.0k,XS,44.3,69.0,9786.0,['SVO.svo_perm'],['VOS.svo_perm'],[8000],XS,1000,75,0.71125,0.9575,0.5,0.68625,0.35125,0.4875,0.34125
svo_perm,XS_SVO_VSO_8.0k,SVO_VSO_8.0k,XS,43.1,68.9,5103.0,['SVO.svo_perm'],['VSO.svo_perm'],[8000],XS,1000,75,0.71125,0.955,0.48625,0.68875,0.345,0.475,0.335
svo_perm,XS_VOS_OSV_8.0k,VOS_OSV_8.0k,XS,38.3,67.1,9440.0,['VOS.svo_perm'],['OSV.svo_perm'],[8000],XS,1000,75,0.71125,0.9675,0.5175,0.6925,0.3625,0.51,0.35625
svo_perm,XS_VOS_OVS_8.0k,VOS_OVS_8.0k,XS,45.4,68.7,13650.0,['VOS.svo_perm'],['OVS.svo_perm'],[8000],XS,1000,75,0.71,0.96375,0.5125,0.69,0.35875,0.50375,0.35125
svo_perm,XS_VOS_SOV_8.0k,VOS_SOV_8.0k,XS,36.8,66.7,14595.0,['VOS.svo_perm'],['SOV.svo_perm'],[8000],XS,1000,75,0.71125,0.965,0.5,0.69125,0.3475,0.49,0.34
svo_perm,XS_VOS_SVO_8.0k,VOS_SVO_8.0k,XS,44.9,69.8,10380.0,['VOS.svo_perm'],['SVO.svo_perm'],[8000],XS,1000,75,0.71125,0.96625,0.50375,0.69375,0.35375,0.49625,0.3475
svo_perm,XS_VOS_VSO_8.0k,VOS_VSO_8.0k,XS,43.4,69.8,11970.0,['VOS.svo_perm'],['VSO.svo_perm'],[8000],XS,1000,75,0.71,0.97,0.49375,0.6925,0.34625,0.48625,0.34
svo_perm,XS_VSO_OSV_8.0k,VSO_OSV_8.0k,XS,37.1,67.0,11000.0,['VSO.svo_perm'],['OSV.svo_perm'],[8000],XS,1000,75,0.715,0.96875,0.49625,0.695,0.35375,0.4875,0.34625
svo_perm,XS_VSO_OVS_8.0k,VSO_OVS_8.0k,XS,44.8,68.9,8100.0,['VSO.svo_perm'],['OVS.svo_perm'],[8000],XS,1000,75,0.715,0.96875,0.5025,0.695,0.355,0.49125,0.345
svo_perm,XS_VSO_SOV_8.0k,VSO_SOV_8.0k,XS,35.2,65.6,8980.0,['VSO.svo_perm'],['SOV.svo_perm'],[8000],XS,1000,75,0.71125,0.96875,0.46875,0.69375,0.33875,0.46,0.33125
svo_perm,XS_VSO_SVO_8.0k,VSO_SVO_8.0k,XS,42.9,68.7,14154.0,['VSO.svo_perm'],['SVO.svo_perm'],[8000],XS,1000,75,0.7125,0.965,0.47375,0.69125,0.335,0.46625,0.32875
svo_perm,XS_VSO_VOS_8.0k,VSO_VOS_8.0k,XS,44.4,69.2,10360.0,['VSO.svo_perm'],['VOS.svo_perm'],[8000],XS,1000,75,0.71125,0.965,0.49875,0.69,0.3575,0.49,0.35
svo_perm,XS_OSV_OVS_16.0k,OSV_OVS_16.0k,XS,51.0,71.6,21294.0,['OSV.svo_perm'],['OVS.svo_perm'],[16000],XS,1000,75,0.690625,0.968125,0.585625,0.67,0.4025,0.57625,0.3975
svo_perm,XS_OSV_SOV_16.0k,OSV_SOV_16.0k,XS,41.9,69.1,18915.0,['OSV.svo_perm'],['SOV.svo_perm'],[16000],XS,1000,75,0.689375,0.96375,0.578125,0.66625,0.396875,0.568125,0.39125
svo_perm,XS_OSV_SVO_16.0k,OSV_SVO_16.0k,XS,48.9,72.0,,['OSV.svo_perm'],['SVO.svo_perm'],[16000],XS,1000,75,0.691875,0.96625,0.581875,0.6725,0.40125,0.573125,0.39625
svo_perm,XS_OSV_VOS_16.0k,OSV_VOS_16.0k,XS,51.1,72.2,,['OSV.svo_perm'],['VOS.svo_perm'],[16000],XS,1000,75,0.68375,0.96875,0.5875,0.665,0.39875,0.579375,0.394375
svo_perm,XS_OSV_VSO_16.0k,OSV_VSO_16.0k,XS,47.7,72.0,12285.0,['OSV.svo_perm'],['VSO.svo_perm'],[16000],XS,1000,75,0.695,0.965625,0.574375,0.674375,0.39875,0.565,0.393125
svo_perm,XS_OVS_OSV_16.0k,OVS_OSV_16.0k,XS,42.0,69.2,12207.0,['OVS.svo_perm'],['OSV.svo_perm'],[16000],XS,1000,75,0.69,0.955625,0.58125,0.663125,0.398125,0.568125,0.39125
svo_perm,XS_OVS_SOV_16.0k,OVS_SOV_16.0k,XS,42.4,69.3,12464.0,['OVS.svo_perm'],['SOV.svo_perm'],[16000],XS,1000,75,0.688125,0.965,0.585625,0.66875,0.401875,0.575,0.39625
svo_perm,XS_OVS_SVO_16.0k,OVS_SVO_16.0k,XS,48.7,71.8,15756.0,['OVS.svo_perm'],['SVO.svo_perm'],[16000],XS,1000,75,0.6925,0.959375,0.585,0.66875,0.40125,0.573125,0.395625
svo_perm,XS_OVS_VOS_16.0k,OVS_VOS_16.0k,XS,51.0,72.1,12831.0,['OVS.svo_perm'],['VOS.svo_perm'],[16000],XS,1000,75,0.690625,0.965,0.585625,0.67,0.40125,0.574375,0.395625
svo_perm,XS_OVS_VSO_16.0k,OVS_VSO_16.0k,XS,47.4,71.6,12441.0,['OVS.svo_perm'],['VSO.svo_perm'],[16000],XS,1000,75,0.69125,0.96125,0.58125,0.668125,0.398125,0.57,0.39375
svo_perm,XS_SOV_OSV_16.0k,SOV_OSV_16.0k,XS,41.5,68.7,16692.0,['SOV.svo_perm'],['OSV.svo_perm'],[16000],XS,1000,75,0.686875,0.961875,0.569375,0.663125,0.3975,0.55875,0.39125
svo_perm,XS_SOV_OVS_16.0k,SOV_OVS_16.0k,XS,49.7,70.7,13923.0,['SOV.svo_perm'],['OVS.svo_perm'],[16000],XS,1000,75,0.6875,0.96375,0.57125,0.665625,0.396875,0.56,0.390625
svo_perm,XS_SOV_SVO_16.0k,SOV_SVO_16.0k,XS,48.0,71.8,15483.0,['SOV.svo_perm'],['SVO.svo_perm'],[16000],XS,1000,75,0.6875,0.966875,0.573125,0.666875,0.3975,0.56375,0.3925
svo_perm,XS_SOV_VOS_16.0k,SOV_VOS_16.0k,XS,49.3,71.6,12480.0,['SOV.svo_perm'],['VOS.svo_perm'],[16000],XS,1000,75,0.686875,0.968125,0.56625,0.6675,0.39125,0.558125,0.386875
svo_perm,XS_SOV_VSO_16.0k,SOV_VSO_16.0k,XS,46.9,71.7,13065.0,['SOV.svo_perm'],['VSO.svo_perm'],[16000],XS,1000,75,0.68875,0.97,0.56625,0.67,0.391875,0.558125,0.3875
svo_perm,XS_SVO_OSV_16.0k,SVO_OSV_16.0k,XS,41.9,69.1,18564.0,['SVO.svo_perm'],['OSV.svo_perm'],[16000],XS,1000,75,0.68875,0.961875,0.578125,0.6675,0.395625,0.56875,0.390625
svo_perm,XS_SVO_OVS_16.0k,SVO_OVS_16.0k,XS,49.6,70.7,14898.0,['SVO.svo_perm'],['OVS.svo_perm'],[16000],XS,1000,75,0.688125,0.960625,0.5725,0.665,0.39625,0.5625,0.390625
svo_perm,XS_SVO_SOV_16.0k,SVO_SOV_16.0k,XS,40.8,68.2,11895.0,['SVO.svo_perm'],['SOV.svo_perm'],[16000],XS,1000,75,0.685625,0.9575,0.5575,0.663125,0.39,0.546875,0.385
svo_perm,XS_SVO_VOS_16.0k,SVO_VOS_16.0k,XS,49.6,71.6,14972.0,['SVO.svo_perm'],['VOS.svo_perm'],[16000],XS,1000,75,0.689375,0.968125,0.569375,0.67125,0.395,0.560625,0.39
svo_perm,XS_SVO_VSO_16.0k,SVO_VSO_16.0k,XS,46.3,71.0,13440.0,['SVO.svo_perm'],['VSO.svo_perm'],[16000],XS,1000,75,0.686875,0.961875,0.564375,0.66375,0.39,0.554375,0.384375
svo_perm,XS_VOS_OSV_16.0k,VOS_OSV_16.0k,XS,42.0,69.3,18954.0,['VOS.svo_perm'],['OSV.svo_perm'],[16000],XS,1000,75,0.6875,0.971875,0.581875,0.67,0.396875,0.573125,0.391875
svo_perm,XS_VOS_OVS_16.0k,VOS_OVS_16.0k,XS,50.5,71.1,19578.0,['VOS.svo_perm'],['OVS.svo_perm'],[16000],XS,1000,75,0.685625,0.9725,0.581875,0.66875,0.395625,0.573125,0.390625
svo_perm,XS_VOS_SOV_16.0k,VOS_SOV_16.0k,XS,41.1,69.1,19851.0,['VOS.svo_perm'],['SOV.svo_perm'],[16000],XS,1000,75,0.68625,0.971875,0.568125,0.67,0.39,0.559375,0.385
svo_perm,XS_VOS_SVO_16.0k,VOS_SVO_16.0k,XS,48.3,71.9,27027.0,['VOS.svo_perm'],['SVO.svo_perm'],[16000],XS,1000,75,0.688125,0.97375,0.578125,0.671875,0.39625,0.57,0.391875
svo_perm,XS_VOS_VSO_16.0k,VOS_VSO_16.0k,XS,47.5,71.9,14937.0,['VOS.svo_perm'],['VSO.svo_perm'],[16000],XS,1000,75,0.690625,0.974375,0.579375,0.674375,0.39875,0.57125,0.394375
svo_perm,XS_VSO_OSV_16.0k,VSO_OSV_16.0k,XS,41.1,69.0,19929.0,['VSO.svo_perm'],['OSV.svo_perm'],[16000],XS,1000,75,0.69375,0.97125,0.55875,0.675,0.39125,0.55,0.386875
svo_perm,XS_VSO_OVS_16.0k,VSO_OVS_16.0k,XS,48.7,70.9,16185.0,['VSO.svo_perm'],['OVS.svo_perm'],[16000],XS,1000,75,0.690625,0.9725,0.558125,0.674375,0.388125,0.55,0.38375
svo_perm,XS_VSO_SOV_16.0k,VSO_SOV_16.0k,XS,40.2,68.5,13455.0,['VSO.svo_perm'],['SOV.svo_perm'],[16000],XS,1000,75,0.68875,0.966875,0.543125,0.669375,0.38375,0.53375,0.378125
svo_perm,XS_VSO_SVO_16.0k,VSO_SVO_16.0k,XS,47.3,71.4,12760.0,['VSO.svo_perm'],['SVO.svo_perm'],[16000],XS,1000,75,0.691875,0.97,0.546875,0.67375,0.385,0.5375,0.38
svo_perm,XS_VSO_VOS_16.0k,VSO_VOS_16.0k,XS,48.9,71.5,13260.0,['VSO.svo_perm'],['VOS.svo_perm'],[16000],XS,1000,75,0.6875,0.9725,0.56,0.670625,0.39125,0.551875,0.386875
svo_perm,XS_OSV_OVS_32.0k,OSV_OVS_32.0k,XS,60.6,76.5,37800.0,['OSV.svo_perm'],['OVS.svo_perm'],[32000],XS,1000,75,0.70875,0.98625,0.6828125,0.7,0.488125,0.6790625,0.4865625
svo_perm,XS_OSV_SOV_32.0k,OSV_SOV_32.0k,XS,51.3,74.4,35775.0,['OSV.svo_perm'],['SOV.svo_perm'],[32000],XS,1000,75,0.70875,0.9853125,0.680625,0.6990625,0.4878125,0.6771875,0.4859375
svo_perm,XS_OSV_SVO_32.0k,OSV_SVO_32.0k,XS,56.1,76.4,31950.0,['OSV.svo_perm'],['SVO.svo_perm'],[32000],XS,1000,75,0.7090625,0.984375,0.68,0.6990625,0.4865625,0.675625,0.4840625
svo_perm,XS_OSV_VOS_32.0k,OSV_VOS_32.0k,XS,60.5,76.9,30600.0,['OSV.svo_perm'],['VOS.svo_perm'],[32000],XS,1000,75,0.7078125,0.988125,0.6815625,0.7,0.4865625,0.6790625,0.4853125
svo_perm,XS_OSV_VSO_32.0k,OSV_VSO_32.0k,XS,54.8,76.3,23550.0,['OSV.svo_perm'],['VSO.svo_perm'],[32000],XS,1000,75,0.71125,0.9859375,0.68,0.70125,0.4890625,0.6765625,0.4871875
svo_perm,XS_OVS_OSV_32.0k,OVS_OSV_32.0k,XS,51.5,74.6,36778.0,['OVS.svo_perm'],['OSV.svo_perm'],[32000],XS,1000,75,0.7096875,0.9853125,0.68375,0.700625,0.4890625,0.6796875,0.4871875
svo_perm,XS_OVS_SOV_32.0k,OVS_SOV_32.0k,XS,51.2,74.3,36112.0,['OVS.svo_perm'],['SOV.svo_perm'],[32000],XS,1000,75,0.7078125,0.9828125,0.6815625,0.696875,0.4878125,0.6778125,0.48625
svo_perm,XS_OVS_SVO_32.0k,OVS_SVO_32.0k,XS,56.3,76.5,30044.0,['OVS.svo_perm'],['SVO.svo_perm'],[32000],XS,1000,75,0.7090625,0.9846875,0.683125,0.7,0.489375,0.6784375,0.4875
svo_perm,XS_OVS_VOS_32.0k,OVS_VOS_32.0k,XS,60.4,76.8,19875.0,['OVS.svo_perm'],['VOS.svo_perm'],[32000],XS,1000,75,0.7078125,0.98625,0.681875,0.6984375,0.4871875,0.678125,0.4853125
svo_perm,XS_OVS_VSO_32.0k,OVS_VSO_32.0k,XS,54.8,76.4,21600.0,['OVS.svo_perm'],['VSO.svo_perm'],[32000],XS,1000,75,0.7096875,0.9859375,0.6821875,0.7009375,0.4884375,0.678125,0.4871875
svo_perm,XS_SOV_OSV_32.0k,SOV_OSV_32.0k,XS,50.3,73.9,32925.0,['SOV.svo_perm'],['OSV.svo_perm'],[32000],XS,1000,75,0.7090625,0.9796875,0.6621875,0.69625,0.481875,0.6575,0.4796875
svo_perm,XS_SOV_OVS_32.0k,SOV_OVS_32.0k,XS,59.1,75.9,31450.0,['SOV.svo_perm'],['OVS.svo_perm'],[32000],XS,1000,75,0.7084375,0.978125,0.6665625,0.69375,0.484375,0.66125,0.4815625
svo_perm,XS_SOV_SVO_32.0k,SOV_SVO_32.0k,XS,55.5,76.1,22350.0,['SOV.svo_perm'],['SVO.svo_perm'],[32000],XS,1000,75,0.7090625,0.981875,0.668125,0.6975,0.481875,0.6634375,0.4796875
svo_perm,XS_SOV_VOS_32.0k,SOV_VOS_32.0k,XS,59.9,76.6,26250.0,['SOV.svo_perm'],['VOS.svo_perm'],[32000],XS,1000,75,0.7084375,0.98125,0.675625,0.6971875,0.485,0.67125,0.4834375
svo_perm,XS_SOV_VSO_32.0k,SOV_VSO_32.0k,XS,54.1,75.9,20400.0,['SOV.svo_perm'],['VSO.svo_perm'],[32000],XS,1000,75,0.708125,0.9815625,0.6675,0.69625,0.4815625,0.6625,0.4784375
svo_perm,XS_SVO_OSV_32.0k,SVO_OSV_32.0k,XS,51.2,74.6,32475.0,['SVO.svo_perm'],['OSV.svo_perm'],[32000],XS,1000,75,0.71125,0.984375,0.6778125,0.701875,0.486875,0.6734375,0.4846875
svo_perm,XS_SVO_OVS_32.0k,SVO_OVS_32.0k,XS,60.3,76.4,39220.0,['SVO.svo_perm'],['OVS.svo_perm'],[32000],XS,1000,75,0.7096875,0.98375,0.6803125,0.699375,0.488125,0.67625,0.4859375
svo_perm,XS_SVO_SOV_32.0k,SVO_SOV_32.0k,XS,50.9,74.2,28500.0,['SVO.svo_perm'],['SOV.svo_perm'],[32000],XS,1000,75,0.708125,0.98375,0.6746875,0.6984375,0.485,0.6709375,0.4834375
svo_perm,XS_SVO_VOS_32.0k,SVO_VOS_32.0k,XS,60.0,76.8,30150.0,['SVO.svo_perm'],['VOS.svo_perm'],[32000],XS,1000,75,0.709375,0.98375,0.676875,0.7003125,0.4859375,0.6734375,0.484375
svo_perm,XS_SVO_VSO_32.0k,SVO_VSO_32.0k,XS,54.1,76.0,24948.0,['SVO.svo_perm'],['VSO.svo_perm'],[32000],XS,1000,75,0.7090625,0.9865625,0.6684375,0.700625,0.4790625,0.665625,0.4775
svo_perm,XS_VOS_OSV_32.0k,VOS_OSV_32.0k,XS,51.0,74.4,38776.0,['VOS.svo_perm'],['OSV.svo_perm'],[32000],XS,1000,75,0.70875,0.9853125,0.6784375,0.6990625,0.485625,0.675,0.4840625
svo_perm,XS_VOS_OVS_32.0k,VOS_OVS_32.0k,XS,60.0,76.3,29475.0,['VOS.svo_perm'],['OVS.svo_perm'],[32000],XS,1000,75,0.7075,0.98625,0.6765625,0.69875,0.4840625,0.673125,0.4825
svo_perm,XS_VOS_SOV_32.0k,VOS_SOV_32.0k,XS,50.7,74.2,31800.0,['VOS.svo_perm'],['SOV.svo_perm'],[32000],XS,1000,75,0.7084375,0.9865625,0.6721875,0.6990625,0.4815625,0.6690625,0.48
svo_perm,XS_VOS_SVO_32.0k,VOS_SVO_32.0k,XS,55.5,76.2,39960.0,['VOS.svo_perm'],['SVO.svo_perm'],[32000],XS,1000,75,0.708125,0.985625,0.6725,0.699375,0.4825,0.6690625,0.4809375
svo_perm,XS_VOS_VSO_32.0k,VOS_VSO_32.0k,XS,54.2,76.1,26775.0,['VOS.svo_perm'],['VSO.svo_perm'],[32000],XS,1000,75,0.7078125,0.9878125,0.6715625,0.6996875,0.4821875,0.6690625,0.4809375
svo_perm,XS_VSO_OSV_32.0k,VSO_OSV_32.0k,XS,50.5,74.2,47700.0,['VSO.svo_perm'],['OSV.svo_perm'],[32000],XS,1000,75,0.7115625,0.9875,0.6625,0.703125,0.480625,0.6596875,0.4790625
svo_perm,XS_VSO_OVS_32.0k,VSO_OVS_32.0k,XS,59.3,76.2,28575.0,['VSO.svo_perm'],['OVS.svo_perm'],[32000],XS,1000,75,0.7078125,0.98625,0.6678125,0.6984375,0.480625,0.664375,0.47875
svo_perm,XS_VSO_SOV_32.0k,VSO_SOV_32.0k,XS,49.8,73.8,30900.0,['VSO.svo_perm'],['SOV.svo_perm'],[32000],XS,1000,75,0.7084375,0.9859375,0.6525,0.699375,0.475625,0.6490625,0.4740625
svo_perm,XS_VSO_SVO_32.0k,VSO_SVO_32.0k,XS,55.4,76.2,32452.0,['VSO.svo_perm'],['SVO.svo_perm'],[32000],XS,1000,75,0.7121875,0.988125,0.6596875,0.70375,0.4759375,0.6571875,0.4746875
svo_perm,XS_VSO_VOS_32.0k,VSO_VOS_32.0k,XS,59.8,76.7,21675.0,['VSO.svo_perm'],['VOS.svo_perm'],[32000],XS,1000,75,0.7084375,0.98875,0.6734375,0.7003125,0.484375,0.670625,0.4828125
svo_perm,S_SVO_OSV_1.0k,SVO_OSV_1.0k,S,6.7,42.4,2064.0,['SVO.svo_perm'],['OSV.svo_perm'],[1000],S,1000,75,0.67,0.53,0.33,0.4,0.22,0.19,0.14
svo_perm,M_SVO_OSV_1.0k,SVO_OSV_1.0k,M,7.6,43.1,1424.0,['SVO.svo_perm'],['OSV.svo_perm'],[1000],M,1000,75,0.61,0.5,0.31,0.37,0.22,0.17,0.13
svo_perm,S_SVO_OVS_1.0k,SVO_OVS_1.0k,S,13.3,48.0,2192.0,['SVO.svo_perm'],['OVS.svo_perm'],[1000],S,1000,75,0.65,0.6,0.34,0.42,0.22,0.22,0.15
svo_perm,M_SVO_OVS_1.0k,SVO_OVS_1.0k,M,12.2,47.0,2380.0,['SVO.svo_perm'],['OVS.svo_perm'],[1000],M,1000,75,0.65,0.55,0.33,0.41,0.22,0.21,0.14
svo_perm,S_SVO_SOV_1.0k,SVO_SOV_1.0k,S,8.8,43.3,1974.0,['SVO.svo_perm'],['SOV.svo_perm'],[1000],S,1000,75,0.64,0.55,0.34,0.38,0.23,0.18,0.13
svo_perm,M_SVO_SOV_1.0k,SVO_SOV_1.0k,M,8.8,43.8,1695.0,['SVO.svo_perm'],['SOV.svo_perm'],[1000],M,1000,75,0.56,0.47,0.29,0.32,0.2,0.16,0.13
svo_perm,S_SVO_VOS_1.0k,SVO_VOS_1.0k,S,11.7,46.8,1869.0,['SVO.svo_perm'],['VOS.svo_perm'],[1000],S,1000,75,0.61,0.47,0.32,0.4,0.23,0.2,0.15
svo_perm,M_SVO_VOS_1.0k,SVO_VOS_1.0k,M,12.1,49.7,2040.0,['SVO.svo_perm'],['VOS.svo_perm'],[1000],M,1000,75,0.64,0.63,0.34,0.43,0.23,0.22,0.16
svo_perm,S_SVO_VSO_1.0k,SVO_VSO_1.0k,S,14.3,49.0,2324.0,['SVO.svo_perm'],['VSO.svo_perm'],[1000],S,1000,75,0.65,0.6,0.34,0.43,0.23,0.23,0.16
svo_perm,M_SVO_VSO_1.0k,SVO_VSO_1.0k,M,15.0,47.2,1644.0,['SVO.svo_perm'],['VSO.svo_perm'],[1000],M,1000,75,0.6,0.5,0.22,0.42,0.21,0.16,0.15
svo_perm,S_SVO_OSV_2.0k,SVO_OSV_2.0k,S,22.9,57.9,3798.0,['SVO.svo_perm'],['OSV.svo_perm'],[2000],S,1000,75,0.67,0.84,0.375,0.585,0.245,0.315,0.205
svo_perm,M_SVO_OSV_2.0k,SVO_OSV_2.0k,M,21.1,56.7,2808.0,['SVO.svo_perm'],['OSV.svo_perm'],[2000],M,1000,75,0.665,0.785,0.355,0.56,0.23,0.295,0.19
svo_perm,S_SVO_OVS_2.0k,SVO_OVS_2.0k,S,26.8,58.4,3264.0,['SVO.svo_perm'],['OVS.svo_perm'],[2000],S,1000,75,0.675,0.835,0.375,0.585,0.24,0.32,0.21
svo_perm,M_SVO_OVS_2.0k,SVO_OVS_2.0k,M,26.7,58.7,2850.0,['SVO.svo_perm'],['OVS.svo_perm'],[2000],M,1000,75,0.67,0.83,0.37,0.585,0.24,0.315,0.21
svo_perm,S_SVO_SOV_2.0k,SVO_SOV_2.0k,S,20.4,54.2,2262.0,['SVO.svo_perm'],['SOV.svo_perm'],[2000],S,1000,75,0.615,0.725,0.35,0.505,0.22,0.28,0.185
svo_perm,M_SVO_SOV_2.0k,SVO_SOV_2.0k,M,20.2,54.4,2418.0,['SVO.svo_perm'],['SOV.svo_perm'],[2000],M,1000,75,0.635,0.73,0.345,0.52,0.23,0.265,0.18
svo_perm,S_SVO_VOS_2.0k,SVO_VOS_2.0k,S,25.4,59.5,2700.0,['SVO.svo_perm'],['VOS.svo_perm'],[2000],S,1000,75,0.675,0.825,0.35,0.575,0.22,0.29,0.185
svo_perm,M_SVO_VOS_2.0k,SVO_VOS_2.0k,M,24.9,59.3,2178.0,['SVO.svo_perm'],['VOS.svo_perm'],[2000],M,1000,75,0.67,0.825,0.345,0.585,0.22,0.285,0.19
svo_perm,S_SVO_VSO_2.0k,SVO_VSO_2.0k,S,29.9,60.5,3570.0,['SVO.svo_perm'],['VSO.svo_perm'],[2000],S,1000,75,0.67,0.8,0.355,0.585,0.235,0.3,0.205
svo_perm,M_SVO_VSO_2.0k,SVO_VSO_2.0k,M,27.3,59.9,2274.0,['SVO.svo_perm'],['VSO.svo_perm'],[2000],M,1000,75,0.67,0.825,0.345,0.57,0.215,0.29,0.185
svo_perm,S_SVO_OSV_4.0k,SVO_OSV_4.0k,S,28.4,60.6,4653.0,['SVO.svo_perm'],['OSV.svo_perm'],[4000],S,1000,75,0.7025,0.8975,0.41,0.625,0.265,0.3825,0.2425
svo_perm,M_SVO_OSV_4.0k,SVO_OSV_4.0k,M,27.1,59.2,4642.0,['SVO.svo_perm'],['OSV.svo_perm'],[4000],M,1000,75,0.7,0.85,0.365,0.6,0.2625,0.34,0.2425
svo_perm,S_SVO_OVS_4.0k,SVO_OVS_4.0k,S,35.5,63.0,5313.0,['SVO.svo_perm'],['OVS.svo_perm'],[4000],S,1000,75,0.705,0.9025,0.405,0.6325,0.265,0.3775,0.2425
svo_perm,M_SVO_OVS_4.0k,SVO_OVS_4.0k,M,34.4,61.9,4389.0,['SVO.svo_perm'],['OVS.svo_perm'],[4000],M,1000,75,0.6975,0.85,0.3925,0.6025,0.2675,0.3625,0.245
svo_perm,S_SVO_SOV_4.0k,SVO_SOV_4.0k,S,27.3,59.5,5532.0,['SVO.svo_perm'],['SOV.svo_perm'],[4000],S,1000,75,0.7,0.895,0.375,0.6275,0.2575,0.3575,0.2425
svo_perm,M_SVO_SOV_4.0k,SVO_SOV_4.0k,M,23.8,55.9,3360.0,['SVO.svo_perm'],['SOV.svo_perm'],[4000],M,1000,75,0.695,0.7925,0.3375,0.5575,0.235,0.3,0.2125
svo_perm,S_SVO_VOS_4.0k,SVO_VOS_4.0k,S,36.3,63.7,5368.0,['SVO.svo_perm'],['VOS.svo_perm'],[4000],S,1000,75,0.705,0.8975,0.4175,0.625,0.275,0.3925,0.255
svo_perm,M_SVO_VOS_4.0k,SVO_VOS_4.0k,M,33.3,62.9,4125.0,['SVO.svo_perm'],['VOS.svo_perm'],[4000],M,1000,75,0.7,0.8675,0.3875,0.61,0.265,0.355,0.2425
svo_perm,S_SVO_VSO_4.0k,SVO_VSO_4.0k,S,36.7,64.3,5181.0,['SVO.svo_perm'],['VSO.svo_perm'],[4000],S,1000,75,0.7025,0.9125,0.3875,0.6375,0.265,0.3675,0.2475
svo_perm,M_SVO_VSO_4.0k,SVO_VSO_4.0k,M,36.6,61.6,3058.0,['SVO.svo_perm'],['VSO.svo_perm'],[4000],M,1000,75,0.6875,0.705,0.325,0.595,0.2425,0.2975,0.2225
svo_perm,S_SVO_OSV_8.0k,SVO_OSV_8.0k,S,36.3,65.7,6980.0,['SVO.svo_perm'],['OSV.svo_perm'],[8000],S,1000,75,0.71,0.94625,0.49375,0.68,0.34875,0.4775,0.3375
svo_perm,M_SVO_OSV_8.0k,SVO_OSV_8.0k,M,30.3,61.2,5140.0,['SVO.svo_perm'],['OSV.svo_perm'],[8000],M,1000,75,0.70125,0.82875,0.4125,0.625,0.30375,0.3825,0.28125
svo_perm,S_SVO_OVS_8.0k,SVO_OVS_8.0k,S,43.5,67.7,7000.0,['SVO.svo_perm'],['OVS.svo_perm'],[8000],S,1000,75,0.70875,0.94875,0.4925,0.6775,0.3475,0.48125,0.33875
svo_perm,M_SVO_OVS_8.0k,SVO_OVS_8.0k,M,32.5,62.9,6380.0,['SVO.svo_perm'],['OVS.svo_perm'],[8000],M,1000,75,0.7075,0.91375,0.455,0.6625,0.33,0.43625,0.315
svo_perm,S_SVO_SOV_8.0k,SVO_SOV_8.0k,S,34.5,64.7,7308.0,['SVO.svo_perm'],['SOV.svo_perm'],[8000],S,1000,75,0.70875,0.93625,0.4675,0.675,0.33125,0.45125,0.31875
svo_perm,M_SVO_SOV_8.0k,SVO_SOV_8.0k,M,28.0,59.2,4536.0,['SVO.svo_perm'],['SOV.svo_perm'],[8000],M,1000,75,0.69875,0.86375,0.38875,0.63125,0.2875,0.355,0.26375
svo_perm,S_SVO_VOS_8.0k,SVO_VOS_8.0k,S,44.4,68.7,8043.0,['SVO.svo_perm'],['VOS.svo_perm'],[8000],S,1000,75,0.70875,0.9525,0.5,0.6825,0.35125,0.48875,0.3425
svo_perm,M_SVO_VOS_8.0k,SVO_VOS_8.0k,M,30.9,64.7,4683.0,['SVO.svo_perm'],['VOS.svo_perm'],[8000],M,1000,75,0.69375,0.9,0.395,0.6525,0.285,0.38,0.275
svo_perm,S_SVO_VSO_8.0k,SVO_VSO_8.0k,S,42.3,68.6,7728.0,['SVO.svo_perm'],['VSO.svo_perm'],[8000],S,1000,75,0.71125,0.9525,0.46875,0.68125,0.3375,0.455,0.325
svo_perm,M_SVO_VSO_8.0k,SVO_VSO_8.0k,M,41.4,67.4,6783.0,['SVO.svo_perm'],['VSO.svo_perm'],[8000],M,1000,75,0.71,0.925,0.45375,0.66875,0.33625,0.43875,0.32375
svo_perm,S_SVO_OSV_16.0k,SVO_OSV_16.0k,S,40.9,68.5,12792.0,['SVO.svo_perm'],['OSV.svo_perm'],[16000],S,1000,75,0.685625,0.96,0.566875,0.664375,0.388125,0.5575,0.38375
svo_perm,M_SVO_OSV_16.0k,SVO_OSV_16.0k,M,27.7,52.5,5772.0,['SVO.svo_perm'],['OSV.svo_perm'],[16000],M,1000,75,0.655625,0.804375,0.379375,0.579375,0.2675,0.34875,0.250625
svo_perm,S_SVO_OVS_16.0k,SVO_OVS_16.0k,S,49.1,70.3,11934.0,['SVO.svo_perm'],['OVS.svo_perm'],[16000],S,1000,75,0.685625,0.9575,0.566875,0.661875,0.393125,0.555625,0.386875
svo_perm,S_SVO_SOV_16.0k,SVO_SOV_16.0k,S,39.9,67.8,11076.0,['SVO.svo_perm'],['SOV.svo_perm'],[16000],S,1000,75,0.685625,0.959375,0.5475,0.663125,0.38375,0.5375,0.37875
svo_perm,S_SVO_VOS_16.0k,SVO_VOS_16.0k,S,48.5,71.2,12730.0,['SVO.svo_perm'],['VOS.svo_perm'],[16000],S,1000,75,0.685,0.96375,0.559375,0.665,0.388125,0.55,0.3825
svo_perm,S_SVO_VSO_16.0k,SVO_VSO_16.0k,S,45.7,70.3,12760.0,['SVO.svo_perm'],['VSO.svo_perm'],[16000],S,1000,75,0.6875,0.95875,0.545,0.664375,0.383125,0.534375,0.3775
svo_perm,S_SVO_OSV_32.0k,SVO_OSV_32.0k,S,51.0,74.4,29250.0,['SVO.svo_perm'],['OSV.svo_perm'],[32000],S,1000,75,0.71,0.983125,0.67625,0.699375,0.48625,0.6721875,0.4840625
